news_title,label
산업재해 자기규율 예방체계 구축…고용부 법령정비추진반 가동,0
"교통안전공단, ICT 기반 자동차검사소 스마트 안전관리 시스템 개발 추진",0
"고용부, '스마트 안전장비 보급·확산사업' 첫 시행…최대 3천만원 지원",0
"국토안전관리원 ""스마트 안전장비 지원 신청 받습니다""",0
"[종합] KCC건설 공사장서 또 근로자 사망…고용부, 중대재해법 조사 착수",0
세아베스틸 화상 근로자 치료 중 숨져…중대재해법 조사,0
"[단독]국토부, 건설현장 안전관리 규제 아닌 민간 자율 맡긴다",0
건설 현장별 ‘표준 안전디자인’ 개발한다,0
"‘2023 대한민국 지속가능화학위크’, 3월 22일 인천 송도에서 개최",0
"한은 ""산업용 로봇 늘린 만큼 산업재해 줄어""",0
"기업 40%, ""중대재해법 대비해 안전보건 투자 늘리겠다""",0
제빵공장 '20대 근로자 사망' 중대재해법 위반 SPL대표 검찰송치,0
"중대재해처벌법 시행 1년…“안전 전담 인력 둔 기업, 2배 이상 증가”",0
"중대재해법 시행 1년…부산기업, 안전 관련 인력·예산↑",0
중대재해처벌법 시행 1년...1월에도 58명이 퇴근하지 못했습니다,0
[단독] 법원이 법을 몰라서…중대재해법 재판 11건 중 7건 잘못 배당,0
빅데이터로 위험요인 분석…고위험사업장 8만개 선별·집중 관리,0
"""중대재해 즉시 알린다""…고용부, 기업 '오픈채팅방' 운영",0
"“안전보건 전문가 88%, 중대재해법상 처벌조항 과도하지 않아”",0
"중대재해법 1년만에 '솜방망이' 전락 우려…고용부, 징역·벌금 대신 과태료 검토",0
한국스마트안전보건협회 출범...고용부 설립 허가,0
"70대 하청 노동자, 덤프트럭 부딪혀 숨져…중대재해 조사",0
끼이고 떨어지고…보는 것 만으로도 “삶이 지옥 됐다”,0
지난해 중대재해 1위 건설업…제조업 사망사고 6.6% 증가,0
[뉴딥] '처벌 없이' 보낸 1년…중대재해법 운명은?,0
중대재해처벌법 시행 1년 만에 손질…자율예방 체계 중심으로,0
"건설 사고 절반은 장비…""검사 기준 높이고, 관리 대상은 좁혀야""",0
'계묘년' 건설업계 신년사 3대 키워드 '신성장·위기관리·안전',0
전문인력 부족·비용 부담… 대응능력 갖춘 기업 14%뿐 [중대재해법 기업 무방비],0
[중대재해법 1년] ②'타깃될라' 철강·중공업도 안전관리 총력전,0
‘한랭질환’ 산업재해 1월에 최다…동상·동창 주의,0
"[단독] ‘중대재해법 보완’ 재계 호소에…尹“결함 많은 법, 최대한 기업 편의를” 화답",0
건설현장에서 안전사고 사망자가 끊이질 않는 이유,0
'산재 1위' 건설 사업장 38만곳인데…근로감독관 1명이 2500곳 담당,0
"[포커스온] 중대재해처벌법 1년, 우리의 산업 안전은?",0
조선소 내 끼임 사고로 인한 사망사고…“중대산업재해 해당”,0
"중대재해, 처벌 대신 '자기규율'로 줄인다…로드맵 발표",0
정부 중대재해 감축 로드맵 발표 임박… 처벌에서 투자 촉진으로,0
[친절한 뉴스K] 반복되는 중대재해…예방책은?,0
10월 중대재해 44건 발생...중대재해법 예외 소기업이 59% 차지,0
"[산재 그만]⑥중대재해법, 수사·처벌에만 방점…산업별 특성 고려 필요",0
"“중대재해 줄이기 위한 사업주 자율 규제, 법 준수로 인정해야”",0
"(반복되는 건설사고)처벌 중심 중대재해법 문제…""충분한 공사기간 제공해야""",0
[산재 그만] ②OECD 수준 사고 감축…수술대 오르는 중대재해법,0
현대아울렛 화재 참사 ‘유통업계 중대재해법 1호’ 적용…오너 일가 입건 피해,0
"하청 근로자 사망, 원청 대표이사 중대재해 첫 기소",0
"[단독] “50인 미만 빼자”…기재부, 중대재해법 ‘적용유예 연장’ 시도",0
유통가 잇따른 ISO 인증 획득…ESG 경영 강화,0
식품제조업체 등 ‘안전불감증’…무관용 ‘불시감독’,0
"""근로자 관점으로 현장 안전 관리 실태 파악해야""",0
노동자 ‘안전’ 미흡 이유로 줄파업… 동시다발 셧다운 위기,0
"""안전보건 자료 쉽고 빠르게 찾아보세요""…목록집 발간",0
대형유통업체 10곳중 4곳 화재·산재 안전불감증,0
중대재해 10건 중 1건은 공공부문서 발생…비정규직·하청 집중,0
"증가하는 건설업 산재 사망자수…정부, 중대재해 감축 위해 나선다",0
[단독] ‘안전 투자 얼마나 했나’ 공시 검토…중대재해 줄일까?,0
올해 산업재해로 노동자 510명 숨져… 코레일은 올 4번째 사망사고 발생,0
"산업재해, 위기의 대한민국",0
화학물질 제조업체 10곳 중 한 곳은 누출로 인한 산업·시민재해 유발 위험,0
중대재해 감축 로드맵' 11월말로 연기…어떤 내용 들어가길래,0
[단독] ‘중대재해법 시행 9개월’ 올해 사망 노동자 206명…작년 추월,0
"중대재해법 9개월… 하루 1.8명꼴 사망, 줄지가 않는다",0
"""중대재해 줄이려면 '안전문화' 구축해야…처벌만으론 부작용""",0
"식품·유통업계, 연이은 사고에… ‘중대재해법’ 적용 여부 촉각",0
"“중대재해법, 법 모호·과잉 처벌” 헌재로",0
중대재해처벌법 첫 ‘위헌심판’ 신청…노동계 “무력화 중단해야”,0
추락·끼임 사망사고에도 산업현장 안전불감증 ‘심각’,0
[2022 국감] 중대재해법 시행에도 건설현장 안전사고 여전…국토부는 “현장조사 강화”,0
"대기업 10곳, 2년8개월간 안전보건 교육 미실시로 과태료 8억원",0
5년간 제조업 산재사망 1천17명…70%가 50인미만 업체서 발생,0
상반기 건설사고 사망 222명… 전체 산업계 ‘절반’,0
‘끼임 사고 사망’ 매년 100명… 시설 안전규정조차 없다,0
최근 10년간 산단 중대사고 283건…중소기업이 대기업의 1.7배,0
"‘10월은 산재의 달’…사망만 356명, 가장 많은 이유는?",0
올해 산업재해 민원 벌써 7423건…3년 전보다 3배 이상 급증,0
"대형 건설사, 큰 공사장에서만 안전수칙 준수?...산재는 증가",0
[단독] 작년 산재 은폐 적발 918건으로 4년래 최다,0
중대재해법 시행 후에도 446명 사망…법 유예 사업장서 281명 숨져,0
"한해 과로사 600명 중 산재 인정은 40% 불과…""보장성 강화해야""",0
16년치 사망자 분석 '하청이 원청 2배',0
"중소기업계 ""중대재해법 부담돼…전문인력 등 지원 절실""",0
최근 5년간 중대재해 3476건...22%는 작업중지 명령 없었다,0
"고용부, 첫 산안 감독협의회 개최 ""산재, 5년 내 OECD 평균수준으로""",0
중대재해법 손보는 노동부 “기업 자율·책임으로 패러다임 전환”,0
12월부터 건설현장 소방안전관리자 선임 의무화…안전 전문인력 확보 또 난항,0
"명절 직후 산재 사망사고 증가... 정부, 고위험사업장'안전 당부'",0
시행령으로 중대재해처벌법 완화?…올 상반기 재해 사망자만 1142명,0
‘시행 8개월’ 중대재해처벌법 짚어보니…처벌 아닌 예방 집중해야,0
중대재해법 시행 7개월여만 시행령 개정 수순…무엇이 바뀌나,0
중대재해법 CEO 의무범위 명확히…10개 법령 준수 땐 처벌 면제 가능,0
중대재해처벌법 개정 방향 의견 충돌,0
"[중대법 손질, 안하나 못하나] 제조업ㆍ기타업종 사망사고는 오히려 늘어나",0
최근 5년간 추석 전후 하루 2.27명 산재사망…평소보다 20%↑,0
"철강업계, 일손 부족에 ‘울상’…”잔업은 옛말”",0
중대재해법 처벌에 과징금제 도입될까,0
"산재 막는 안전지킴이, 최저임금에 ‘줄퇴사’",0
"[이슈분석] 중대재해처벌법 시행 7개월, 효과 있었나?",0
"노동·시민사회 ""중대재해법 시행 7개월...산재 사고 여전""",0
"[중대재해처벌법, 그것이 알고싶다] 소규모 현장에서 발생한 중대산업재해는 누가ㆍ언제부터 부담할까",0
디지털 기술로 신속 실내긴급구조 체계 구축한다,0
AI·IoT 활용해 홍수피해 예측하고 골든타임 확보…디지털 안전망 만든다,0
"중소기업 옴부즈만 ""산업기능요원 산업재해 규정 개선 추진""",0
"끼임 사고 발생하면 즉시 전원 차단…정부 ""디지털 기술로 산업 현장 중대 재해 예방""",0
"중대재해에 인권침해, 담합까지...추락하는 철강업 ESG",0
"""돈 더 줘도 싫어요""…건설현장, 중대재해법 안전관리 인력난",0
"""종이호랑이 된 중대재해처벌법…수사 부실·장기화 우려""",0
시행 반년' 중대재해법 무색…건설업계 사망사고 속출,0
"폭우에 감전되고 추락하고…잇따른 작업장 사망, '중대재해법' 검토",0
"중대재해' 기업 10곳 중 4곳, 과거에도 사망사고",0
중대재해처벌법' 시행에도 중대재해 사망자 330명…개선 無,0
3D지도·로봇개로 건설현장 사고 막는다,0
"서울시, 중대재해시설 점검…""93건 개선 필요""",0
재해 걱정 없는 일터 조성 본격화…“실효성 있나”,0
[단독] 추락사 2건… 서울서도 중대재해법 첫 송치,0
중대재해처벌법 시행 반년…갈길 먼 무재해 공사현장,0
"서울시, 중대재해법 예방 총력…전담조직 신설",0
"경총 ""중대재해 발생 시 작업중지, 합리적으로 개선해야""",0
[중대재해법 6개월]④ 적용 대상·의무 규정 '모호하다',0
중대재해법 6개월…이달 ‘법 적용 사업장’ 사망사고 3배,0
"중대재해법' 적용되는 중대형 사업장, 7월 산재 사망 급증",0
"열사병도 중대재해로 처벌 가능...현장에선 ""스스로 예방""",0
고소작업차 ‘추락 사망’ 속출…“구조적 문제 있어”,0
중대재해법 시행후 건설현장 사망자↓…1분기 55명→2분기 44명,0
중대재해처벌법 시행 반년...보상 대책 마련 '갈 길 멀어',0
간과하기 쉽지만 산재다발 ‘비계작업’… “설치·해체 직접 해봐 안전 지켜”,0
"밀폐공간 질식재해 치명률 47.4%…""유해가스 꼭 확인을""",0
"종이 제조공장서 50대 노동자, 사일로에 매몰돼 숨져",0
"중대재해법 6개월 '초라한 성적표'…기업부담만 늘어, 수정절실",0
중대재해처벌법 시행 반년..제주 노동자 사망사고 되레 '증가',0
"""중대재해 낮추려면 처벌 아닌 지원·예방중심으로 바꿔야""",0
상반기 산업재해 사망 근로자 320명…건설업이 절반,0
올 상반기 산업재해로 숨진 근로자 320명,0
중대재해법 예방활동 덕 봤나…상반기 사망사고 9.3% 감소,0
“중대재해법 시행령 개정·현장 안전 OECD 수준으로”…고용부 업무보고,0
"노동부, 중대재해법 ‘경영책임자 범위 확대’ 안 한다",0
기업인 감옥행` 줄어들까… 공정거래법·중대재해법 형벌 손본다,0
중대재해법 시대 ‘취업 백지수표’ 자격증… 건설·산업 안전기사 시험에 응시자 몰린다,0
韓은 기업인 벌주기 좋은 나라?…선진국 처벌 따져보니,0
공인노무사 직무 범위에 중대재해법·가사근로자법 관련 추가,0
‘집단 급성중독’…중대재해법 경영책임자 첫 기소,0
"""무서워서 사업 못하겠네""…중대재해법 반년만에 손질, 왜?",0
"KCA, 중대재해법 대비…종합 안전훈련 실시",0
"""중대재해법 개념부터 명확히"" 목소리 다시 높이는 경제계",0
"이정식 고용장관 ""중대재해법은 규제 아닌 ESG 경영의 척도”",0
"정부, 중대재해처벌법 손본다…사업자 책임 완화 추진",0
학동붕괴참사 1주년…정·재계 “중대재해처벌 완화” 목소리,0
"[중대재해처벌법 현황과 전망 中] 담론을 넘어 삶의 현장으로...""절반의 완성“",0
중대재해법 100일…中企 81.3% “경영상 부담 크다”,0
음성 대학 캠퍼스서 근로자 추락사…중대재해처벌법 조사,0
"""부산을 산업재해 없는 도시로""…개선사항 190건 발굴",0
"화성서 끼임사고, 경기 중대재해 3호 되나…",0
중대재해법 원년 산업안전수준 높일 대한민국 최대 행사 열린다,0
"인천서 소형크레인 사고 잇따라…노조 ""대책 마련해야“",0
"[중대재해처벌법 시대, 위험에 남겨진 사람들 ①] ‘건설기계 바깥’의 건설기계 운전자",0
중대재해법 시행됐지만 올해 지자체서 노동자 15명 사망,0
한달 사망자만 50명…속도 붙은 중대재해법 ‘힘빼기’에 현장은 불안,0
중대재해법 시행에도…5개월동안 노후산단에서 24명 사상,0
"중대법 사고 85%, 고용부 예측 범위에 있었다",0
올해 산재 사망자 벌써 270명·하루 2명씩 사망…약발 안받는 중대재해법,0
"50인 미만 소규모 사업장들, 중대재해법 대응 속도낸다",0
중대재해법 안 먹히나…제조업 사망사고 '위험 경보’ 발령,0
"[중대재해처벌법 100일] 재해 사고, 제조업 45%ㆍ건설 37%… 中企 안전관리 ‘사각지대’",0
푸들 피해 달아나다 '꽈당' 다친 10대…목줄 안 한 견주 '과실' 산업재해 사망 '나홀로 증가'…공사금액 50억↑ 현장 집중단속 양대 노총 11만 명 서울 도심 집결…“노란봉투법 즉각 시행”,0
"""약 주입 쉽고 더 안전하게""…'세이프 질정 주입기' 출시 산재보험법과 중대재해처벌법으로 본 과로사 한화 건설부문서 중대재해법 후 5명 숨져…노동당국, 현장 일제감독",0
전자레인지서 '이만큼' 떨어져야 전자파 안전 중대재해처벌법 위반 제조업체 대표 집행유예 중대재해처벌법 위반 제조업체 대표 집행유예,0
"이한경 재난안전본부장 ""가을철 산불 조기진화 역량 결집해야"" 중대재해처벌법 위반 철강제품 제조업체 대표 징역형 집유 산재보험법과 중대재해처벌법으로 본 과로사",0
"“시민 안전 내세워 자기들 배만 불리나”...시민도, 노조도 이해 못 하는 지하철 파업 한국환경공단, 중대재해 근절 산업안전보건 강조기간 운영 구리시 주차빌딩 건설현장서 작업자 1명 추락해 숨져",0
"민간인 대피, 매일 4시간 교전중지…이스라엘 “안전한 이동 보장” 노동부, 중대재해로 5명 사망 한화 전국 현장 일제 감독 제주 아파트 공사장서 근로자 추락사…중대재해 적용 조사",0
"CJ대한통운, ‘제1회 항만안전대상’ 대상 수상 세종시교육청, 산업재해예방 '산업안전보건교육' 실시 중대재해처벌법 위반 철강제품 제조업체 대표 징역형 집유",0
"""후쿠시마 파견 전문가, 상류수조 도장 팽창 현상 '안전성 무관' 확인"" 충남도의회 기획경제위, 산업현장 재해대책 마련 촉구 동탄 GTX 공사장서 자재 떨어져 1명 사망…중대재해 조사",0
"[르포+] 이름만 보행자 우선도로?…차 '쌩쌩' 위협받는 보행자 안전 대구시교육청, 중대재해예방 건설현장 안전보건관계자 실무교육 실시 50억 이상 공사현장만 산업재해 증가…정부, 현장 집중단속",0
"완도군, ‘식품안전관리 우수기관’ 선정 [무등의 아침] “잇단 지게차 안전사고 배경은?…중대재해처벌법 무력화 시도 중단해야” 중대재해 사망사고 2년새 '5명'… 한화건설부문 현장 일제 감독",0
"서울지하철노조 파업 출정식…""인력감축·안전업무 외주 철회"" 25년차 항공승무원 암 발병…산업재해 최초로 인정 또 지게차 사망사고…민주노총 ""중대재해처벌법 전면 적용해야""",0
"빈대 내성 덜한 살충제 8개 긴급 승인…""효과·안전성 검증"" 대구시교육청, 중대재해예방 건설현장 안전보건관계자 실무교육 실시 철도공사 현장서 노동자 작업대 맞아 숨져…중대재해법 조사",0
'126만 방문' 진주유등축제 성공에 재난안전통신망 있었다 중대재해법 제외 사업장서 사망자 대폭 줄었다 노동자 중대재해법 의무교육서 “경영자에게 가혹”,0
"CJ대한통운, 항만안전대상서 해양수산부장관상 수상 기아 협력업체의 하청, 지게차 사망사고…원청 중대재해 조사 산업단지공단 전남본부 중대재해처벌법 적용사례 공유",0
"이한경 재난안전본부장, 헬기 조정사 교육훈련 점검 '중대재해법 적용' 사업장, 산재 사망자 줄었다 [무등의 아침] “잇단 지게차 안전사고 배경은?…중대재해처벌법 무력화 시도 중단해야”",0
"서울시 ""명분없는 지하철 파업 타협없다""…현장 복귀 촉구 [무등의 아침] “잇단 지게차 안전사고 배경은?…중대재해처벌법 무력화 시도 중단해야” 대구시교육청, 중대재해예방 건설현장 안전보건관계자 실무교육 실시",0
"완도군, ‘식품안전관리 우수기관’ 선정 공장·공사장에서 스러진 노동자들…중대재해, 그 비극의 기록 제주 아파트 신축공사장서 60대 추락사…중대재해법 위반 조사",0
"'편안하고 안전한' 스마트홈, 전자업계'신성장 동력' 부상 대성에너지㈜, 대구고용노동청과 산업재해 예방 협약 이원석 검찰총장, 울산 방문 ""중대재해처벌법 철저하게 적용""",0
"‘이스라엘보다 불안하고, 가자지구보다 안전한’ 서울 [강천석 칼럼] 이원석 검찰총장, 울산 방문 ""중대재해처벌법 철저하게 적용"" 대전상의-대전고용노동청, 상공인 간담회…중대재해처벌법 기업 발목 잡아",0
"전자레인지서 '이만큼' 떨어져야 전자파 안전 생명과 안전 위협하는, 보수신문의 중대재해법 무용론 중대재해법 제외 사업장서 사망자 대폭 줄었다",0
"윤 ""소방관에 세계최고 수준 안전 장구 제공·유가족 지원 강화"" (종합) [이슈&인물] 노정환 변호사 ""중대재해처벌법, 기업책임만 부각…처벌만능 안돼"" 중대재해 적용 공사장 인부 추락사…사고 뒤에야 안전망 설치",0
"국토안전관리원-한국환경공단, 지하안전관리 강화 협약 생산 재개됐지만···협력업체 중대재해, 후폭풍은 기아가 감당 [이슈&인물] 노정환 변호사 ""중대재해처벌법, 기업책임만 부각…처벌만능 안돼""",0
"풀무원, 117개 협력사와 ‘식품품질안전 컨퍼런스’ 개최 한전MCS, 안전감시 내실화로 '산업재해' 예방 나선다 '중대재해법 적용' 사업장, 산재 사망자 줄었다",0
"경기남부청 '시민안전모델' 만들자 범죄 줄었다 경남도 산업재해예방위원회 개최 기아 협력업체의 하청, 지게차 사망사고…원청 중대재해 조사",0
"산업부, '제품안전' 45점 유공 포상…규제 합리화 나서 중대재해 첫 기소 두성산업 대표 1심서 집유…이번에도 ‘합의’ 이유 전국 중대재해 판결 8건 분석, 대부분 집행유예",0
"'급식실 없는' 강원 119안전센터 수두룩…대책 마련 촉구 이해욱 DL그룹 회장, 국회 산업재해 청문회 선다 공장·공사장에서 스러진 노동자들…중대재해, 그 비극의 기록",0
"사람죽인 로봇, 상자로 착각해 압착 사고... 로봇 공정, 안전 비상등 창녕군, ""'산업재해 없는 안전한 창녕군' 토대 마련할 것"" 생명과 안전 위협하는, 보수신문의 중대재해법 무용론",0
"제품안전의 날 기념식…LG전자 김종필 전무, 동탑산업훈장 받아 “산업재해 예방 협력” … 대구노동청·대성에너지 손잡았다 ‘오송 수사’ 앞둔 김영환 살리기? 충북, 중대재해 조례 ‘뒷북’ 통과",0
"(사)한국석면안전협회, 한국나눔연맹 천사무료급식소 기부금 전달 “15㎝ 균열 무시, 화정아이파크 참사로” 중대재해 백서의 ‘그날’ 중대재해 적용 공사장 인부 추락사…사고 뒤에야 안전망 설치",0
"[건강당당] 당뇨인, 건강하고 안전하게 겨울 운동하려면? '중대재해법 첫 기소' 두성산업 대표 집행유예... 위헌 신청 기각 생산 재개됐지만···협력업체 중대재해, 후폭풍은 기아가 감당",0
"'제14회 보행자의 날' 인사말하는 박선영 한국교통안전공단 미래모빌리티본부장 철도공사 현장서 철제구조물 떨어져 1명 사망…중대 재해 조사 올해 광주·전남 지게차 사망 사고 7건…""법령 위반 엄정 처벌을""",0
"서울교통공사 노조 ""인력감축·안전업무 외주화 철회하라"" [자막뉴스] 위암으로 사망한 승무원...""방사능 피폭 누적"" 산업재해 첫 판정 노동계, '중대재해법 1호 기소' 위헌 제청 기각에 ""논란 종지부""",0
"경남도-수자원공사, 깨끗하고 안전한 물 공급 '맞손' 경기도, 중대재해예방 위한 관리감독자 교육 중대재해처벌법 1호 판결은? 사용업체,판매사 처벌 달라",0
"외교부, 여행업계 간담회…한국인 안전 여행 협조 당부 법원 ""의학적 증명 부족해도 업무상 재해 인정 가능"" LG유플, 산업현장 안전관리 솔루션 출시",0
"전남개발공사, 나주·목포 취약계층 130가구 안전키트 전달 무더위 속 숨진 코스트코 노동자…산업재해 인정 받아 LG유플러스 ""중대재해처벌법 의무활동 지원""",0
"김용화 현대차 CTO “자율주행 레벨3 적용 미정…안전 최우선” KT, 안전보건경영시스템 국제표준 인증 획득...""산업 재해 예방 노력 인정받아"" 율촌ㆍ건설법무학회, 14일 ‘중대재해ㆍ부실벌점’ 학술대회",0
"유엔, 10일 안보리 개최한다…가자지구 사망자 1만 명↑[이-팔 전쟁] 올해 9월까지 산업재해 사망자 459명...전년대비 10% 감소 경기도, 중대재해예방 위한 관리감독자 교육",0
"""선거조직이냐""..광주환경공단, 재난안전관리·이사장 홍보영상 질타 ""CSO는 없었다"" 중대재해법 판결 전부 톺아보니… ""중대재해처벌법 사업장 전면 적용하라""",0
"금호석유화학그룹, 지속가능 '환경안전 역량' 강화 총력 평창군, 건설안전 합동캠페인 ""재해율 낮추자"" 중대재해처벌법 위헌심판 기각… 결정문 들여다보니",0
"TS미래 모빌리티 교통안전 체험행사 한화 시공 제주도 공사현장에서 노동자 사망 중대재해 발생 이해욱 DL그룹 회장, 국회 산업재해 청문회 선다",0
"김현수, 안전하게 1점 추가 [포토] 포항시, 녹지·산림·하천 분야 산업재해 예방을 위한 교육 실시 중대재해 '제로' 외쳤던 기아 오토랜드 광주…협력업체 안전사고로 공장 '올스톱'",0
"이주호, 13일 시험장 방문해 수능 준비 상황·안전 점검 중대재해처벌법 위헌심판 기각… 결정문 들여다보니 '우려가 현실로' 중대재해법에 멈춘 기아차 광주공장",0
"경주시, 제15회 다산목민대상서 행정안전부장관상 수상 중대재해법이 과잉처벌?…법원, 사용자 ‘억지 주장’ 반박 [뉴스AS] 로봇에 의한 중대재해, 책임은 누가 질까",0
"머스크의 '화성 식민지' 집착이 근로자의 안전을 위협하고 있다 대구노동청, 대성에너지와 산업재해 예방을 위한 업무협약 체결 중대재해법이 과잉처벌?…법원, 사용자 ‘억지 주장’ 반박 [뉴스AS]",0
"""안전한 자율주행 위해선 소비자에 기술 장단점 알려야"" 오산시, 중대재해 담당자 실무교육 진행 ""CSO는 없었다"" 중대재해법 판결 전부 톺아보니…",0
"강원도로공사, 소형화물차 교통안전캠페인…지정차로 준수 화성시, 현업 근로자 중대산업재해 예방 나서 광주 제조공장서 지게차 치여 40대 숨져…중대재해법 조사(종합)",0
"GH, 건설현장 안전사고 비상모의훈련 실시 올해 대형건설사 중대재해 28%·사망자 18% 급증…약발 안받는 중대재해법 [종합] 한화 제주 공사장서 하청근로자 추락사…고용부, 중대재해법 위반 조사",0
"윤 대통령 ""용기 있는 소방관 가진 나라가 안전한 나라"" 경기도, 중대산업재해 예방 '안전보건관리감독자 직무교육' 실시 중대법 시행에도…사망사고는 여전 [우리들의 생각]",0
"창원시, 겨울철 시민 안전·민생·복지 챙긴다…종합대책 마련 [탁종열의 노동보도 톺아보기] 생명과 안전 위협하는 보수신문의 중대재해처벌법 무용론 [알고보니] 중대재해처벌법이 기업 위협한다?",0
"고분양가에 지친 청약자들 …‘안전마진’ 단지 관심 늘어 [짤막상식] 산업재해로 인정 '우주방사선'이란? ""중대재해 사망사고 재발방지 대책 세워라""",0
"대로변에 ‘1급 발암물질’ 석면 폐기물 1t 떡하니…""이중 포장돼 안전"" 황당 답변 영주시, 중대산업재해 예방 위험성 평가 교육 '중대재해법 적용' 사업장, 산재 사망자 줄어…건설업은 증가",0
"과천시, 대형 건축공사장 대상 동절기 '안전관리 실태점검' [2023 스마트건설대상] 자이에스앤디, 임직원 모두의 협력으로 ‘중대재해 제로’ 아파트 공사장서 60대 노동자 추락해 숨져…중대재해 조사",0
"한국선급, 제주자치도 풍력발전시설 안전점검 ""공사 현장 안전사고 막아라"".. 중대재해 예방 강조 기간 운영 남광토건 GTX-A 공사현장서 하청 근로자 사망…중대재해처벌법 대상",0
"강남구, 바르셀로나 SCEWC에서 '안전·회복 최우수도시' 수상 8건 재판중 실형은 단 1건…중대재해처벌법 태생적 한계? 폭염 속 일하다 숨진 코스트코 노동자 산재 인정‥""업무상 재해""",0
"[속보]한 총리 ""정부, 수능일 수험생 교통·수송·안전에 만전"" 중대재해・부실시공 구설수 건설사 ESG평가 A등급 받았다…평가 기준 '의문' 8건 재판중 실형은 단 1건…중대재해처벌법 태생적 한계?",0
"신천지, 2022년 이어 12일 대구에 신도 10만명 집결… 안전 대책 마련 비상 충주상공회의소 '중대재해 감축 토론회' 개최 오산시, 중대재해 담당자 실무교육 진행",0
"소비자원 “전국 버스터미널, 안전시설 설치 미흡” 중대재해처벌법 '찬성한다 80%' vs '준비 안됐다 80%'…누구 말이 맞나[노컷체크] 중대재해처벌법 '찬성한다 80%' vs '준비 안됐다 80%'…누구 말이 맞나[노컷체크]",0
"역삼1동에도 '밤길 안전' 스마트보안등…강남구 1천302개로 확충 남광토건 동탄 GTX 공사장서 노동자 사망 … 중대재해법 위반 조사 中企 ""기업승계 활성화법 국회 통과·중대재해법 유예기간 2년 연장해야""",0
포성 그치지 않는 세계…신성한 ‘한미동맹’만으로 안전해질까 풍기산업 사업장에서 노동자 사망 중대재해 발생 [‘집단중독’ 두성산업①] 중처법 ‘유해ㆍ위험 확인 의무’ 구체적 설명 나와,0
"무디스 마저…美신용등급전망 ‘안정적’→‘부정적’ 여주시, 중대산업재해예방교육…안전한 여주시 만든다 '집단 독성간염' 중대재해법 첫 기소, 두성산업 대표 1심서 집행유예",0
"중부발전, 항만시설 안전관리플랫폼 구축 MOU 검찰, '노동자 추락사' 아파트 관리업체 중대재해법 기소 [2023 스마트건설대상] 자이에스앤디, 임직원 모두의 협력으로 ‘중대재해 제로’",0
"[이·팔 전쟁] 소아암 어린이 12명 이집트·요르단 이송…""안전하게 치료"" 허영인 SPC·이해욱 DL 회장, ‘산업재해 청문회’ 선다 일하다 죽는 ‘재해 사망’, 대규모 건설 현장은 계속 는다",0
"[따져보니] 늘어나는 로봇 사고…안전 대책은? 고위험 산림작업, 재해예방 위한 제도개선 뒤따라야 '한목소리' 경기 화성 GTX 공사현장서 철제 구조물 떨어져 노동자 사망…중대재해 조사",0
"[포토] 이주미, 안전하게 보냈어요 법원, 중대재해처벌법 위헌성 논란 '일단락' 윤 대통령 “50인 미만 사업장, 중대재해법 두려워해”",0
"[포토] 박결, 안전하게 보내는 티샷 김해시 노사민정 ‘산업재해 예방’ 공동선언 제주, 올해 중재재해 6건 발생…연말까지 예방 강조기간 운영",0
"허가 임박 빈대 잡는 살충제…안전성은 '뜨거운 감자' 최근 5년 산재사망, 추락이 39%…고용부, 사업장 집중 점검 [피플] '글로벌 경제협력 추진ㆍ노란봉투법 저지'… 손경식 경총 회장, 국내외 동분서주",0
"[단독]“中국가안전부, 작년 1월 文정부 외교부 메일 4.5GB 해킹” 중대재해처벌법의 다단계 인과관계 판단 구조 경기도, 중대산업재해 예방 '안전보건관리감독자 직무교육' 실시",0
"밤새 서서히 입는 '저온화상'…온열매트, 안전하게 사용하려면? 10년 단위 4대강 물관리 계획 첫 수립…재해대응·물산업 강화 ‘국제노동기구 탈퇴’ ‘중대재해처벌 완화’…이것이 윤 대통령의 ‘민생’",0
"티알엔, 한국제품안전협회 ‘제품안전정보활용 우수기업상’ 수상 경북교육청, 교육현장 산업재해 예방 '온힘' 법원, 중대재해처벌법 위헌성 논란 '일단락'",0
"서울 강서구, 범죄예방 생활안전종합 대책 가동 LX충북지역본부, 중대산업재해 발생 대응 훈련 50인 미만 중대재해법 적용 2개월 앞…中企 “2년 연장을”",0
"헤어 드라이기 하나면 퇴치...빈대의 약점은 [노무, 톡!] 중대재해처벌법 전면적용 D-83, 이대로 괜찮은가 안전모없이 작업 노동자 추락사…檢, 아파트 관리업체 대표 기소",0
"전기안전공사, ‘2023년 KESCO 기술력향상 컨퍼런스’ 개최 면사랑, 고용노동부와 ‘안전문화 파트너십’ 맺어… 산업재해 예방노력 내년 중대재해처벌법, 확대…영세회사 많은 김해 비상",0
[포토] 안전하게 티샷 보내는 정윤지 전북 산업현장 재해 사망 노동자 작년 2배 수준 증가 중대재해처벌법의 다단계 인과관계 판단 구조,0
"[포토] 안전하게 티샷 날리는 오수민 중대재해처벌법 비웃나…늘어나는 대형 건설사업장 사망사고 경남도-한국가스공사 부산경남지역본부, 중대재해 예방 협약 및 기탁식",0
"[포토] 안전하게 온그린 시키는 이가영 화성시, 안전보건교육으로 소속 현업 근로자 중대산업재해 예방 나서 [바튼소리]중대재해처벌법의 음영",0
"이상근 고성군수, 2023 공룡나라그란폰도 안전사고 예방 총력 [고성소식] [전삼현 칼럼] 중대재해법, 중소기업엔 더 유예해야 [노무, 톡!] 중대재해처벌법 전면적용 D-83, 이대로 괜찮은가",0
"로봇이 사람을 박스로 오인, 40대 압착사…농민 ""안전 우려""(종합) ‘중대재해법 기소 1호’ 두성산업 대표 집행유예…위헌 신청은 기각 전기공사협회, 중대재해처벌법 전국 순회 설명회 개최",0
"가스배관 용접하던 50대 추락사…'안전조치 소홀' 대표 유죄 파주 공사 현장서 노동자 15m 추락사…중대재해법 조사 일하다 죽는 ‘재해 사망’, 대규모 건설 현장은 계속 는다",0
"건축계 ""건축구조 분리 발주 시 안전·인력 문제"" 산업재해 없는 세상 바라는 공장의사의 노래, 23일 대구 공감콘서트 함안 한 공장서 2톤 구조물 깔린 70대 사망 중대재해",0
"제주 연안 안전사고 위험예보제 '주의보' 격상.. 순찰 강화 30대 잠수사, 바다 석축 작업하다 사망… 고용노동부, 중대재해법 등 조사 풍기산업 사업장에서 노동자 사망 중대재해 발생",0
"영등포구, 어린이 활동 공간 환경 안전 관리 50인 미만 사업장 중심 중대재해처벌법상 의무이행 방안 소방노조, ""중대재해처벌법 정부 책임 강화해 소방공무원 희생 줄여라"" 요구",0
"'국민이 안전한 나라, 119가 함께한다'…제61회 소방의날 기념식 ""어업 재해율, 농업 비해 3배 높아"" 부산수산정책포럼 100대 건설사 사망자 5명 중 1명꼴...무색해진 중대재해법",0
"LGU+ ""영세 中企 산업현장 안전관리 '스마플'로 하세요"" 중대재해법 취지 강조한 법원, 위헌 논란 '일단락' 중대재해처벌법 비웃나…늘어나는 대형 건설사업장 사망사고",0
"BNK경남은행, 합동소방훈련으로 안전 강화 “중대재해 기업 밝혀야 제도 실효성” “영세 하청업체 무죄 땐 회복 어려워”[생각나눔] LGU+, 안전관리 DX 솔루션 '스마플' 출시… ""중대재해 방지도""",0
"우리 해역 수산물 안전 관리 현황 설명 오산시 ‘오산에서 안전사고는 제로’중대재해 담당자 실무교육 실시 ""5인 미만 사업장, 중대재해법 미적용…안전 사각지대 방치""",0
"식약처, 소비자 의견 반영 온라인플랫폼 안전관리 강화 안산시 노동안전지킴이, 재해의 첫단추 소통 ㆍ공감ㆍ동행 주제로 우수상 수상 “중대재해처벌법 등 킬러규제 제거 서둘러 달라”",0
"한국환경공단, 중대재해 근절 산업안전보건 강조기간 운영 [농작업 안전재해 '제로' 하자] 안전정보 총망라…'농업인안전365'로 대비를 30대 잠수사, 바다 석축 작업하다 사망… 고용노동부, 중대재해법 등 조사",0
"""안전한 사업환경 조성""…마사회 '재난대응 안전한국훈련' 실시 ""중대산업재해 미리 예방"" 경기교육청, 교육현장 위험성 평가 50인 미만 사업장 중심 중대재해처벌법상 의무이행 방안",0
"[게시판] 경찰대 '일상안전 경찰 역할' 국제학술대회 '중대재해 위반' 혐의 정도원 삼표회장 첫 공판준비기일 열려 대전상의, ‘중대재해 및 반부패 준법 시스템 구축' 설명회",0
"'인천소방 139년, 안전을 위해 달려온 열정과 패기' 역사서 발간 중대재해감축로드맵 시행1년, 안전문화 확산이 중요 ""지게차 동선만 표시해도 중대법 리스크 줄인다""",0
"'안전성 논란' GM 크루즈, 로보택시 950대 리콜 학교급식노동자 폐암산업재해 방지 강원대책위 출범식 [2023 중대재해 예방 팩트체크]⑩ 중대재해 사고백서 (최종회)",0
"TBN충북·충북경찰청, 노인 보행안전 장바구니 만들었다 ‘유명무실’ 중대재해법… 광주·전남서 24명 사망, 기소 1건 올해만 4명 사망...경남도 ‘밀폐공간’ 재해 막기 총력",0
"안전보건공단·삼성중공업, 협력사에 첫 휴게공간 선물 국회 환노위, SPC·DL그룹 회장 '산업재해' 청문회 의결 한화건설 서귀포 건설현장서 60대 노동자 ‘추락사’…올해만 4번째 ‘중대재해’",0
"기아 광주공장, 협력사 안전사고로 가동 중단 “직장내 괴롭힘법·중대재해처벌법 강화해야”[2024 총선기획 ②갑질·재해 없는 일터] 허영인 SPC·이해욱 DL 회장, ‘산업재해 청문회’ 선다",0
"LG전자 김종필 전무, 2023 제품안전의 날 ‘동탑산업훈장’ 받았다 ‘무늬만 중대재해처벌법’…광주·전남 24명 숨졌는데 기소 1건 [전삼현 칼럼] 중대재해법, 중소기업엔 더 유예해야",0
우리 동네가 달라졌어요…포항시 안전·안심거리 ‘호평’ 인천 동구 중대시민재해 예방활동 추진 ‘중처법 기소 1호’ 집행유예…위헌법률심판제청 ‘기각’,0
"삼성바이오로직스, 업계 최초 안전대상 '대통령상' 수상 퇴근 후 사망한 물리치료사…법원 ""업무상 재해 인정"" ""국민의 각종 안전사고 및 재해 예방과 대비, 연속성에 총력을 기울이겠다""",0
"DB손보, 기흥과 안전한 이륜차 운전문화 조성 MOU 완주군, 산업재해 예방 '안전보건지킴이' 활동 창원 농기계임대사업소, 중대재해법 대비 시설점검",0
"'안전한 걸음, 건강한 걸음'…국토부, 내일 '보행자의 날' 기념식 매맞고 일하는 직장인↑…최근 5년간 '폭행산재' 2164건 파주 공사 현장서 노동자 15m 추락사…중대재해법 조사",0
"태백시, 절골교 개축공사 완료…주민 편의·안전↑ 여주시, “2023년 중대산업재해 예방 및 대응 역량 강화” 경기 이천 공장서 50대 작업자 추락사…중대재해법 조사",0
"[ESG경영 사례분석] 동반성장에 강한 한국전력, '중대재해 리스크' 해소가 과제",0
경기 김포 산업용 기계 공장에서 불‥작업자 3명 대피,0
"이상근 고성군수, 2023 공룡나라그란폰도 안전사고 예방 총력 [고성소식]",0
인천 빌라 옥상서 누수 점검하던 60대 수리업자 추락사,0
극심한 스트레스에 한쪽 눈 실명한 공무원… 업무상 재해 판결,0
인천서 빌라 옥상 누수 점검하던 60대 작업자 추락사,0
인천서 빌라 옥상 누수 점검하던 60대 작업자 추락사,0
"극심한 스트레스로 한쪽 눈 실명한 공무원…법원 ""업무상재해 해당""",0
중대재해 사망사고 2년새 '5명'… 한화건설부문 현장 일제 감독,0
중대재해처벌법 위반 제조업체 대표 집행유예,0
"현장 감독하는 AI… 공사장엔 로봇개… 건설, 이젠 내게 맡기세요",1
GIS기반의 스마트건설 플랫폼 나왔다,1
"""스마트 건설산업 발전과 협력 논한다""…제2회 스마트건설세미나 개최",1
"원희룡 ""하청업체에 다 떠넘기고 무슨 ESG 경영인가"" 질타",1
건설폐기물 관리 깐깐해진다,1
"DL건설, 미세먼지 흡착·저감 필터 사용...시범 운영 후 타 현장 적용",1
"건설근로자공제회-현대건설, 전자카드제도 홍보 나서",1
"건설사, 친환경 사업 투자 박차…""미래 경쟁력 확보""",1
국내 첫 공간별 난방제어 가능…시간대별로 세밀하게 조절,1
2월 3주 국내 ESG 이슈 핫클립,1
GPS신호 잡히지 않는 실내·지하주차장도 위치 파악 가능해진다,1
“무인 배송 서비스 2026년부터 상용화…스마트 물류 인프라 구축”,1
올해 ‘신성장 4.0’ 계획 발표…도심항공 모빌리티 등 30여개 추진,1
ESG 경영 확산…CCUS·청정 암모니아·액화수소 시장에 주목,1
"건설사, 새 먹거리로 “UAM” 주목…상용화 앞두고 기술 개발·업무 협력 ‘분주’",1
"100대 기업, 지난해 ESG 경영·중대재해법 대비에 쓴 돈은 ""5조4,000억 원""",1
이유 있는 눈독 ‘CCUS’ 건설사 블루수소 사업 속도 낸다,1
"국토부, 모빌리티 시대 연다…자율주행 성능인증제·UAM 실증비행 실시",1
"건설 스마트 안전장비·기술, ‘모니터링’에 가장 많이 쓰여",1
"‘도심 하늘길 열고 미래도 연다’… 건설업계, UAM 시장 개척 나서",1
"“내년 건설안전 제도 논쟁 가속화, 스마트 건설기술 관심 증대”",1
"""영상기술로 안전사고 방지한다""…건설업계, 영상분석 기술 적극 도입",1
"건설사들, 스타트업 지원·협력 활발...""신기술·동반성장 일거양득""",1
건설사 ESG 성적 보니…대형·중견사 '온도차',1
‘제2 중동 붐 기대’ 사우디 네옴시티 잡아라 [다시 뛰는 K-건설②],1
‘국내서 해외로’ 건설사 공략 포인트 대전환 [다시 뛰는 K-건설①],1
갈길 먼 건설기계 탄소중립…“장비·엔진 교체 비용 막막”,1
건설업계 ‘그린에너지·IT’ 새 날개 단다,1
"""끼임·질식사고 막는 스마트 장비 개발""…고용부-과기정통부 맞손",1
연어 키우고 수소 만들고…집짓기 넘어 딴짓 하는 건설사들[부동산백서],1
윤석열표 ‘전방위 세일즈외교’ 건설이 스타트,1
[2022 스마트건설대상] “ESG 경영·스마트기술…건설업계 혁신 확인”,1
"“제7차 건설기술진흥기본계획, 건설업 DX 전환 조기 정책화 이뤄져야”",1
건설기계 ‘디지털ㆍ전동ㆍ탈탄소ㆍ자동화’ 뜨거운 경쟁,1
후퇴하는 건설업 노동생산성…DX(디지털전환)로 반전 노린다,1
"정부·업계, 스마트건설 스텝 동행…삼성물산·현대건설·포스코건설, 발빠른 행보",1
[SAFE KOREA] 지능형CCTV…건설현장 스마트 안전기술의 선봉,1
"현대건설, 2045년 탄소중립 선언…국내 상장 건설사 최초",1
현대건설 TV주파수 활용 지하터널 무선통신 도입,1
건설기계 ‘친환경·스마트·콘셉트화’ 바람,1
"[대한민국 대전환 'ON'] 스마트건설 핵심 'BIM', 철도에도 확대",1
"""건설업계 디지털 전환은 초기단계…체계화 시급""",1
"""안전, 최우선 가치""…GS건설, IT 기술 '스마트 안전 시스템' 구축",1
활력도는 건설업계…해외수주 200억달러 돌파,1
가상·증강 현실·AI'… 디지털 전환 시대 맞은 건설업계,1
BIM·디지털트윈 투자에 우선 주력…전문인력 확보가 관건,1
"국토부 ""K-스마트시티 기술, 태국·튀르키예 수출한다""",1
"국토부, ‘디지털 트윈’ 소사이어티 발족… 정부 차원의 스마트건설 지원",1
"KCIM, 빌딩정보모델링 국제표준 'ISO 19650:2018' 인증 획득… 스마트 건설기업으로 발돋움",1
"포스코건설, 해상교량 시공 기술력 독보적…인천 제3연륙교 착착",1
건설업계 ‘스마트건설’ 행보 가속화,1
“안전한 현장 만들자” 사고 예방에 집중하는 건설사들,1
로봇이 아파트 외벽 칠하고…빅데이터가 건설현장 위험 미리 파악,1
알짜벤처 줍줍 기회…너도 나도 CVC 설립,1
"국토부, 전국 24개 건설현장에 스마트 건설안전 장비 지원",1
"""이젠 스마트건설 시대""…건설사와 프롭테크 기업 간 협업↑",1
"팀코리아, 이집트 인프라 시장 진출 머리 맞댔다",1
집·건물만 잘 지어선 못 버틴다…환경 지키고 사회 보듬는 건설사,1
"[스투/리포트] 글로벌 스마트 고속도로 시장, 2026년 100조 원 규모로 성장",1
불붙은 건설업계 ‘친환경’ 기술개발,1
"""건설현장 효율·안전 모두 잡았다""…우수 스마트건설 기술 '한마당'",1
"국토부, '스마트건설 규제혁신센터' 운영…원스톱 서비스 지원",1
건설현장 스마트 안전기술 개발 탄력 붙는다,1
싱가포르 건설생산성이 2∼3%씩 오른 비결은?,1
"한총리 ""건설산업, 4차산업혁명 시대 걸맞게 발전시켜야""",1
스마트·디지털건설 ‘빅뱅’…R&D 조직 새바람,1
"건설공사 기술지도, 발주자와 체결...""건설사 무리한 요구 없앤다""",1
로봇개가 현장 안전관리…'디지털 건설시대' 속도,1
"똑똑'하게 짓는다…건설업계, 스마트건설 개발 '집중'",1
"“스마트 건설 활성화 방안, 건설산업 스마트화에 부스터 효과 기대”",1
첨단 산업 도약하는 건설…분리발주 원칙은 ‘필수’,1
‘미래 먹거리’ 찾아 발 넓히는 건설업계… 탈현장·소형모듈원전 사업 속도↑,1
"인공지능·로봇, 건설산업 디지털화 견인",1
"현대건설, 조립식 교각시스템 개발로 ‘스마트 건설’ 박차",1
BIMㆍOSC ‘양날개’…건설업 자동화 ‘강드라이브’,1
"대형 건설사, BIM 도입 활발…디지털전환 속도낸다",1
한국건설안전박람회' 10월 킨텍스서 열려…건설안전에 초점,1
로봇·ICT·빅데이터 융복합...초격차 스마트건설 요람 본격 가동,1
"건설산업, 종이도면·인력 중심서 디지털·자동화로 바꾼다",1
"국토부, '스마트건설' 활성화…1000억이상 공공공사에 BIM 의무 적용",1
스마트건설지원센터 제2센터 개소식,1
"국토안전관리원, 스마트 안전기술 경연 펼친다",1
"태국, 파타야 인근에 대규모 스마트시티 건설…투자 규모 50조원",1
"현대건설, 건축·주택 현장에 클라우드 기반 BIM 도입",1
건설VE 경진대회' 출품작 접수…7월11~13일,1
"중대재해처벌법 시행으로 시작, ‘발전소 카메라’ 설치 열풍 이면엔?",1
"국토부, 중소건설현장에 스마트 안전장비 지원",1
"포스코건설, 인천 대학생에 '스마트건설' 기술나눔 나서",1
스마트건설 ‘폭풍’ 주도…미래산업 재구성ㆍ개조ㆍ회복 새판 짠다,1
"중대재해법 수혜보는 정보보안, 에스원·SK쉴더스 표정관리",1
[창간특집] 건설현장 ‘세이프티 퍼스트’… AI·SW로 위험 요소 사전 대응,1
"부산항만공사·수자원공사, 스마트 건설기술 협력 강화 논의",1
쌍용건설 리모델링·스마트기술의 진화… 줄이어 특허 출원,1
"행복청, 건설현장 안전관리 역량강화 교육 실시",1
메타버스로 갈아탄 건설업계…디지털 전환 속도낸다,1
건설현장 ‘웨어러블 로봇’ 시대 개막…진화하는 스마트 건설기술,1
반도체 품귀·환율 급등 ‘이중고’…스마트건설 장비 ‘수급난’ 심화,1
"대우건설,건설현장용 웨어러블 로봇 개발·보급 추진",1
“유망 스타트업 발굴하라”…벤처 투자에 사활 건 건설업계,1
대형사부터 중견사까지...건설업계 ESS 사업 진출 열풍,1
"""스타트업 품는 건설사""…기술전쟁 본격화",1
‘한국건설안전박람회’ 10월 킨텍스서 개최…참가기업 모집,1
"건설사 관심 높이는 스마트 건설 기술, 어디까지 갈까",1
건설현장서도 무인화 바람…맞춤형 SW 개발 관건,1
"국토부, '스마트건설 챌린지' 개최 ... 총 상금 3억 9천만 원",1
"해수부, 스마트항만 구축 본격화…신항만 건설 새판짠다",1
“내년 스마트 건설기계 시장 141억달러로 성장”,1
"모델하우스부터 설계, 시공, 하자관리까지…건설사들의 스마트기술 전쟁",1
"건설업계, 'ESG경영' 강화···중소업체와 기술협력 '맞손'",1
"대우건설, ESG 평가 A등급…지난해보다 1단계 상승",1
"대우건설, ESG평가 A등급 획득… 1단계 상승",1
[건설업계 소식] DL이앤씨 'e편한세상' 3년 연속 스마트 아파트 브랜드 1위 外,1
"태영건설, 올해 ESG평가 종합 'A'…""한단계 상승""",1
"“ESG경영은 필수 과제""…DL이앤씨, 기후변화·에너지 고갈 대응",1
설비 없는 '가상발전소'가 온다 [ESG 세상],1
"대우건설, 2023 ESG평가 'A'등급 획득...1단계 상승",1
2023 그린에너지·환경산업전 대단원의 막…ESG콘퍼런스 등 5000명 '북적',1
"아이에스동서, ESG평가 종합등급 'B+' 획득… 환경부문 성장세",1
"[비즈&] 포스코그룹 ""모든 상장사 ESG A등급 이상"" 外",1
[건설 브리핑] 대우건설·LH·현대엔지니어링,1
"[生기업TALK] 삼성물산, 해외수주 박차...스마트 솔루션으로 글로벌 시장 선점",1
"""이런 스마트 기술도 있네""…현대ENG, 10년째 '건축기술展'",1
"DL건설, ESG평가 종합 'A' 등급 유지",1
"LS그룹, ESG 경영으로 '미래세대 든든한 파트너' 자처",1
[그린건설대상] '웨이블' 통한 폐기물 관리…기업 ESG 경영 실천,1
"""평범한 조끼가 에어백으로""…포스코이앤씨, 스마트기술로 안전 확보",1
건설사 실적 명운 가를 핵심 된 신사업… ‘무늬만’ 확장 경계령도,1
"[건설업계 소식] 대우건설, '관저 푸르지오 센트럴파크' 분양 실시 外",1
"현대건설, 상생협력 '기술 엑스포 2023' 개최...ESG경영 강화",1
"현대건설, 상생협력·ESG경영 추진 위한 기술 엑스포 2023 개최",1
"DL건설, 창립 67주년 기념 '환경 보호 활동' 전개",1
"SK에코플랜트, 대기업 대상 'ESG 디지털데이' 세미나 개최",1
"“모듈러 건축, ESG 경영 필수 솔루션”",1
"[창간35주년 특집/ESG 해외 대학 동향] ESG 10여 년 전 도입…""ESG경영 성과, 정량적·객관적 데이터에 달렸다""",1
"최익훈 HDC현산 대표, '붕괴사고 충격' 딛고 ESG 경영 고삐 죈다",1
"건설업계, 'ESG경영' 강화···중소업체와 기술협력 '맞손'",1
"최태원 회장 ‘노블레스 오블리주’ 실천…SK그룹, 3분기 ESG경영 관심도 1위",1
[전문가 視覺] 스마트 건설기술은 이제 생존에 필수,1
"[데일리 IT 단신] KT, 인천시 도심·도서 UAM 상용화 맞손 外",1
"GS·SK에코 이어 직방·삼표까지, 건설업계에도 RE100 깃든다",1
[2022 스마트건설대상] “ESG 경영·스마트기술…건설업계 혁신 확인”,1
[2022 스마트건설대상] ‘ESG 경영’ 박차…친환경 녹색경영 앞장서는 ‘GS건설’,1
"[2022 스마트건설대상] ㈜한화 건설부문, ESG경영으로 ‘그린 인프라 디벨로퍼’ 도약",1
"건설산업 ESG전략 및 미래비전 제시, '2023 대한민국ESG포럼' 코리아빌드위크에서 개최",1
건설산업의 ESG전략과 미래비전 총망라…'2023 대한민국ESG포럼' 2월 17일 개최,1
"한솔홈데코, '2023 대한민국ESG포럼' 참가해 ESG 계획과 향후 전략 제시",1
[건설·부동산 1장] 대우·반도·동부건설 외,1
"케이씨산업, ESG경영ㆍ OSC 스마트건설 활성화 본격 추진",1
"케이씨산업, ESG경영 및 본격적인 OSC 스마트건설 활성화 추진",1
"반도건설-아이티로, ESG 상생경영 실천…건축물 스마트 플랫폼 공동 기술 개발 추진",1
"[ESG경영…새로운 도전] ➆ 박현철 롯데건설 대표 ""2040 탄소중립 동참…'가치 창조' 비전 달성""",1
"반도건설, 협력사와 ESG 경영실천… 스마트건설 기술협력 파트너십 체결",1
"""ESG경영 강화""…DL이앤씨, '건설동반성장 경영자과정' 2기 개설",1
"[ESG보고서 분석] 중부발전, '친환경 에너지 기업' 도약 위한 'ESG경영 강화'",1
"[ESG경영…새로운 도전] ➈ 삼표시멘트 ""사회·환경책임이 최우선 가치…한 걸음씩 성장 중""",1
'국내 유일' 건설안전박람회 ESG경영 첨단기술 선보인다,1
"반도건설, ESG 상생경영 지속 실천..‘2023년 제1회 반도 기술공모전’ 진행",1
"ESG경영 반도건설, 협력사와 스마트건설 기술협력",1
[스마트 건설대상] ‘ESG 전담팀’ 신설…ESG경영 앞장서는 ‘포스코건설’,1
"대우건설, '관저 푸르지오 센트럴파크' 10월 분양…삼표그룹, 국내 건자재 업계 최초 K-RE100 가입 [건설오늘]",1
[부동산INSIDE] 5G특화망·전기차 충전 인프라… 오픈이노베이션 확장하는 호반건설,1
"[2023 아주경제 건설대상-심사평] 이충재 한국건설산업연구원 원장 ""건설업계, 위기에서 기회를 찾아야""",1
"[ESG 경영···새로운 도전] ➇최익훈 HDC현대산업개발 대표 ""안전강화 총력…미래가치 창출""",1
"ESG부터 여섯 번째 대멸종, 오염수 방류에 이르기까지",1
"[2022 경영전략] 반도건설, 책임경영 통해 ESG 체제 구축",1
반도건설 ESG 경영 속도… '스마트 건설기술' 구현,1
"반도건설, 스마트 건설기술 구현…ESG 경영 속도",1
"포스코, 친환경 자재 등으로 건설업계 ESG경영 지원한다",1
"[ESG 어디까지 왔나]-㈜한화 건설부문, '그린 인프라 디벨로퍼' 목표로 ESG경영 박차",1
"롯데건설, 탄소저감 신기술 개발로 ESG경영 강화 [KFT-ESG아파트 ⑥]",1
"건설사들, ESG경영으로 활로 모색…계룡건설, 환경·안전·품질 '이슈'",1
"건설사 시공능력평가 기준 대폭 손질…""안전사고 등 ESG 비중 높여""",1
"[포토] 포스코건설, 이투데이 스마트 건설대상 ESG경영부문 대상 수상",1
"건설업계, ""동반성장합시다""…협력사와 상생경영",1
"[ESG 경영···새로운 도전] ③백정완 대우건설 대표 ""향후 50년…혁신 통한 가치창출 시간""",1
"경복대 친환경건축학과 ""ESG 녹색성장 이끌 친환경건축기술 인재양성""",1
"경복대 친환경건축학과, 'ESG 녹색성장' 친환경건축기술 인재양성",1
"[ESG 경영···새로운 도전] ②윤영준 현대건설 대표 ""2045 탄소중립…지속가능 미래 실현""",1
현대ENG '2023 지속가능경영보고서' 발간… ESG 전략 및 2022년 주요 성과 담아,1
"현대엔지니어링 '2023 지속가능경영보고서' 발간…""ESG 전략 방향 제시""",1
하남도시공사 ESG경영 선포…스마트 탄소중립↑,1
"[ESG경영…새로운 도전] ⑥홍현성 현대엔지니어링 대표 ""친환경·에너지 사업 확대…미래 창조기업으로 도약""",1
"하남도시공사, 스마트 탄소중립도시 하남 실현... ESG 경영 선포식 개최",1
건설업계 양대 화두 ‘스마트 안전·ESG경영’,1
"건설업계, 불황 속에도 상생 강화···동반성장 '청신호'",1
[2022 건설의 날] 건설산업을 향한 시대적 요구,1
"한국건설안전박람회, 기업별 건설안전 ESG 경영 위한 다양한 첨단 기술 소개",1
ESG 경영 첨단 기술 소개 '2023 한국건설안전박람회' 개최,1
[30대 NEW LEADER TOP10] 스타트업과 상생경영 펼치는 김대헌 호반그룹 총괄사장,1
"현대건설, 2023년 지속가능경영보고서 발간…ESG성과 제고",1
[ESG경영 사례분석] 삼성물산·현대건설·GS건설 등 1군 건설사 사외이사 분석...이사회 내 비중은 과반이지만 반대의견 0건,1
"‘붕괴 사고’ 낸 이 건설사도 ESG A등급, 왜?",1
‘조타실 들어온듯’… 자율운항 등 미래바다 기술 요람,2
"한국조선해양, '사업 연속성 관리체계' 인증 획득…ESG경영 강화",2
"[단독]빌 게이츠와 손잡은 HD현대, 'SMR 발전선' 디자인 첫 공개",2
"해양교통안전공단, 친환경선박 건조 최대 30% 지원",2
"포스코-SK에코플랜트, 해상풍력 구조물 ‘K-부유체’ 공동개발에 성공",2
"수출입은행, 사우디 아람코와 60억달러 기본여신약정 체결",2
"정부, 제조업 수출역량 결집…'100조' 민간투자 밀착지원",2
미래 조선산업 ‘친환경ㆍ스마트’로 글로벌 경쟁력 확보 나선다,2
"ESG 3년차, 올해 키워드는 공급망과 인권",2
"조선업계, 외국인 긴급 투입 스마트 조선소 구축으로 인력난 돌파",2
韓 조선업계 “130조원대 SMR 시장 잡아라”,2
"[한·중 왕좌탈환전 ②] ""믿을 건 기술력""… K조선, '초격차' 승부수",2
"K조선, 친환경으로 ‘제2 전성기 개막’… 정부지원도 든든",2
한 달 만에 세계서 29척 수주…친환경 선박 쓸어담는 'K조선',2
"""10년간 LNG선 450척 필요""...LNG선 수요 지속 전망",2
"""엔진을 잡아라""…조선3사 순위 바뀐다",2
올해 조선 업계 '친환경 바람' 더 거세진다,2
11조원가치에도더딘성장…스마트항만산업속도 ‘UP’ 필요,2
‘바다 위 원전’ 개발 속도… 조선업 미래 성장동력으로 키운다,2
"""韓조선 세계 1위 지키려면 친환경·스마트기술 투자 확대해야""",2
"흑자전환 특명 조선업계, 새해 화두는 ‘수익성·스마트'",2
"해양수산 신산업, 2027년까지 30조원 규모로 육성…친환경 선박 수주 1위 목표 제시",2
"환경규제 강화가 호재… K-조선, 선박 수주 `날개`",2
"현대重그룹, 암모니아 해상 공급기지 개발 나서",2
"중소조선산업도 ESG 경영 필수, 대응 전략 모색",2
자율주행車만 있다? 조선 '빅3' 자율운항선박 기술경쟁 불붙었다,2
조선업 호황 속 중형 조선사 실적 개선 기지개,2
"조선업계 ""LNG선 다음은 암모니아선""",2
올해도 한국 조선업 최대 고객은 그리스…선박 발주 가장 많아,2
초호황이지만 조선업 인력난 골머리…외국인 웃돈·협력사 찾아 구만리,2
"포스코 개발 선박 소재, 국제 표준 인정...해수부 “5.5조 규모 시장 진출”",2
"조선 빅3-소형원전 동맹 러시…""선박건조 기술 바탕 신사업 확장""",2
수소선박 기술강자 한국… 특허출원 1~3위 선도,2
조선 빅3 “세계 1위 되찾자”… 친환경 선박 기술에 승부수,2
"베트남 용접공 1100명 입국 지연…조선업계, 인력난 가중될까?",2
"초과 수주 조선업계, 과제는 친환경·스마트·인력난",2
내년 고용허가제 외국인력 역대 최대 11만명 “조선업 최우선 배분”,2
‘韓 선점’ LNG선 파고드는 中…1년새 점유율 4%→29%로 ‘쑥’ [뒷북비즈],2
수산업 종사자 안전을 책임지는 '웨어러블 로봇'…해양 로보틱스의 미래는,2
"[WOF] “해양기업들, ICT 융복합 디지털 혁신기술 선점해야”",2
"""글로벌 물류지도 바꾼다""…세계 일주 꿈꾸는 '인공지능 선장'",2
조선업 이중구조 '자율'로 해법 찾을까,2
"조선업계, 인력난…""5년간 4만여명 추가수급? 절반 채우면 다행""",2
"조선업계, 탈탄소 시대 앞장…차세대 기술 확보 박차",2
세계 최초 '고 망간강' 연료탱크 선박 인도,2
"K-조선, 올해 세계 LNG선 82% ‘싹쓸이’",2
"조선업 미래, ‘하청노동·지역소멸·탄소중립’에 달렸다",2
"KR-KIMST, ESG 경영확산 업무협약 체결",2
"대우조선, NASA 협력사와 대형액화수소운반선 기술개발",2
"조선업계 탄소중립, '로터세일'로 앞당긴다",2
"""친환경·디지털로 조선업 패러다임 전환""…스마트 기술 개발·인재양성 나선 현대重",2
"""배 만들 사람 1만명 부족""… 조선업계 수주 넘쳐도 걱정",2
"친환경 업은 조선업, 3Q 실적 '맑음'···""내년 흑자행진 본격화""",2
스스로 판단·운항하는 ‘바다 위 테슬라’…해운 산업 효율성↑,2
6년 뒤 335조원 시장 열린다…전 세계 ‘자율운항 선박’ 개발 속도,2
미래 먹거리 찾아 바다로 간 건설사들...해상풍력·스마트양식 '눈독',2
"현대重, 2030년까지 스마트조선소 구축",2
[단독]'원하청 격차 해소' 조선업 이중구조 개선안 이달 발표,2
"한국에너지공대-한국조선해양, '연안부유식 그린수소 생산플랫폼 개념' 개발",2
생산 계획·운영 단계에서 스마트 제조 혁신 실현,2
"국내 개발 '데이터 송수신' 스마트선박 기술, ISO 신규작업표준안 채택",2
"일감 넘치는데 사람없어…조선 3사, 인력 확보 총력전",2
"정기선 시대' 현대重, 친환경·디지털 전환 가시화",2
40년 베테랑 기술 'AI 고로'에 녹이니…포스코 불량률 60% 줄었다,2
"“조선업계 인력난, 묘수 없어…임금·노동조건 개선해야”",2
"한국조선, 자율운항선박 상용화 시동…내년 7월 실증운항",2
"현대重그룹·대우조선해양, '가스텍 2022'서 미래선박 기술력 과시",2
"""기술격차 벌리자"" 韓 조선사 '저탄소 선박' 개발 경쟁",2
"""몰락한 일본 따라간다""…韓 조선업, 일감 넘치는데 인력 없다",2
스마트 장비에 픽토그램 표시판까지…BPA 감천항 안전강화 '올인',2
"대우조선해양, 대체 연료 기술 개발 [경제소식]",2
"대한조선학회, 스마트·전기선박연구회 창립",2
"‘수주 호황’ 조선 3사, 시설개선에 1조원 통큰 투자",2
[헤럴드비즈] 한국 기업 ESG의 대주제 ‘안전’돼야,2
“조선업 생산인력 확충·저탄소선박 기술개발 지원”,2
"""기술이 곧 돈""…조선3사, 적자에도 R&D투자 1년새 22% 늘렸다",2
"이창양 산업장관 ""조선업 생산인력 확충…저탄소선박 기술개발 지원""",2
"조선업계 초격차 이어간다…정부, 인력·기술개발·생태계 조성 집중 지원",2
조선·해양 산업 기술 로드맵 나온다,2
중소조선업 근로자 73% “주52시간 뒤 월급 60만원 감소”,2
"[조선업 ESG]① ""ESG를 기회로""… '산업안전' 확보나선 韓 조선업",2
"정부, '조선소 로봇' 등 산업 규제 50개 푼다...""1.6조+α 투자 창출""(종합)",2
[단독] ESG 국제 표준 전면도입 추진… 산업현장 비명엔 귀 닫은 정부,2
친환경선박 혁신기술개발 돌입,2
"조선산업 명장, 인재 양성 위한 이미지 개선 나섰다",2
"韓조선업계, 상반기 세계 발주량 45.5% 수주…4년만에 1위 탈환",2
"울산시, 조선 중소기업에 맞춤형 디지털 지원",2
위기의 조선 해법은…노동집약 탈피해 新기술산업 변신 시급,2
"다쏘시스템-삼성중공업, 디지털 조선소 구축 '맞손'",2
"현대중공업, 협력사로 스마트 조선소 구축 확대",2
울산 조선·해양산업 미래는 '친환경 스마트' 기술,2
"[이슈]한국조선해양 AI솔루션연구실, “AI 활용 선박시스템 개발, 그 어려운 걸 우리가 해내지 말입니다”",2
"대우조선해양, 친환경·디지털 스마트쉽 기술력 확보 총력",2
스마트·친환경 해양산업을 한눈에 '2022 국제해양·안전대전',2
선박건조 고위험 작업…스마트 로봇에 맡긴다,2
현대미포조선 국내 첫 ‘전기추진 여객선’ 2척 동시 진수,2
‘AI 스마트조선소’ 구축… 자동·무인화로 ‘혁신 공정’ 박차,2
현대중공업그룹 5년간 21조원 투자…스마트 조선소·건설기계 속도,2
"친환경 강화한 조선업계, ESG 등급 줄줄이 '상향'",2
사고 위험 가득한 조선소···‘안전관리’ 핵심 사항으로 떠올라,2
IMO 규제·ESG 열풍 타고 '친환경 선박' 뜬다는데… [그래서 투자했다],2
"[ESG 어디까지 왔나]-㊹HD한국조선해양, 국내 조선업계 최초 '탄소중립' 선언",2
"가삼현 HD한국조선해양 부회장, 조선해양의 날 ‘은탑산업훈장’ 수훈",2
"""가전·철강·조선 기업 잊어달라""…'제2의 창업' 외치는 대기업들",2
"[함게가자 우리ESG] 한국조선해양, CDP '탄소경영 특별상' 수상",2
"삼성중공업 CEO ""스마트 제조혁신·ESG 경영""",2
"대우조선해양, GE파워컨버전과 스마트십 기술 공동 개발 [경남소식]",2
"중소조선산업도 ESG 경영 필수, 대응 전략 모색",2
"중소조선산업도 ESG 경영 필수, 대응 전략 모색",2
"박두선 대우조선해양 사장 ""올해부터는 더 밝은 미래 펼쳐질 것""",2
"흑자전환 특명 조선업계, 새해 화두는 ‘수익성·스마트'",2
[200대기업 ESG보고서 분석] 건설·조선업 10개社 공시...女임원 절반도 안돼,2
"한국조선해양, 친환경 기술개발로 차별화 모색",2
HD현대 조선‧해양 4사 CEO들 “올해 탈탄소 기술 개발‧DT 가속화”,2
제조업 한계 뛰어넘을 조선 빅3 변화…친환경·R&D 집중,2
"포스코홀딩스, ESG 비전 담은 '기업시민보고서' 발간…대우조선, '친환경 예인선 개발' 국책과제 맡아 [중공업오늘]",2
"조선업계, 단순 제조업 탈피해 '미래해양사업'으로 전환",2
"부산시, 탈탄소·ESG 주제로 스마트해양경제포럼 개최",2
[부산항만공사] 지속가능경영유공 산업통상자원부 장관 표창 수상 外,2
[WOF] “조선기자재 산업도 디지털화하면 일자리 창출 가능합니다”,2
일주이슈 77-3> '조선산업 꽃' LNG 절반 수주… 친환경 선박 '강세',2
"대우조선해양, 이산화탄소 포집·저장 기술 실제 선박 검증 성공 [경제소식]",2
"[K물류가 뜬다(3)] HMM, ‘첨단기술·친환경 설비·신조선 추가 확보’로 해운물류 미래 밝힌다(하)",2
"""동남권 제조업 위기 도래… ESG경영은 생존 위한 의무""",2
[릴레이 인터뷰④] 동국제강 10년간 투자 '뚝심'…ESG 경영확대 SFG 전략실현,2
MWC서 관람객 홀린 SKT 무인비행기… 엑스포 알리려 부산行,3
"[MWC23] 글로벌 통신 시장, AI·DX로 패러다임 변화 가속...아쉬운 한국 통신정책",3
나흘간 8만8500명 다녀간 MWC… AI·중국이 핫이슈 [MWC 2023 결산],3
"AI가 횡단보도 관리… 대구시, 어린이보호구역 12곳에 도입",3
서버·스토리지는 데이터센터 전기소비를 얼마나 줄일 수 있나,3
"구글 클라우드, MWC서 통신 부문 신제품 발표",3
"MS, 애저 오픈AI 서비스에 챗GPT 기술 추가",3
'챗GPT' 도입하는 韓기업들…AI의 거짓말·편향성 '숙제',3
"촘스키 ""AI가 사람 뇌 추월하려면 멀었다…원시적 인지 단계""",3
'무인 스마트팜' 로봇이 토마토를 따고 운반한다,3
로봇 시장 커지는데…일할 사람이 없다,3
"LS일렉트릭, 미래형 공장 자동화 솔루션 선보인다",3
세계 최대 스타트업 행사 '슬러시드' 6월 부산 개최,3
"챗GPT에 AI 업계 들썩… 글로벌 IT 기업, 사활 건 경쟁 시작된다",3
"클라우드 빅3 희비…MS·구글 활짝, AWS 훌쩍",3
"AI·IoT로 침수 예고, 맨홀 작업자 케어…'디지털 안전모델' 공모",3
"글로벌 IT 리더, DX 최우선 순위지만 실행 어려워",3
"[생성 AI시대, 우리는]〈3〉글로벌 빅테크 AI 대전 막올라",3
물류센터에 AI·로봇 나타났다… 유통가 ‘스마트 물류 전쟁’ 치열,3
"KT AI교통 솔루션 '로드센스', ITS 차량번호인식 성능평가 최고등급",3
[주간 클라우드 동향/2월①] 경기침체 아랑곳 않는 클라우드 빅3··· 한국은?,3
"우리 삶 파고든다, 챗GPT가 뭐길래",3
"[IT트렌드] AI 돌풍, 보안·안전 직종도 대체할까?",3
데이터로 비즈니스의 미래를 본다··· ‘예측 애널리틱스’란?,3
"[생성 AI시대, 우리는]〈6·끝〉""챗GPT, 비즈니스 실험의 장 '생성'…R&D 지원 절실""",3
산업용 무선 IoT 솔루션의 결함이 OT 네트워크를 위협하는 과정,3
전세계 기업 98%가 멀티 클라우드 도입,3
"클라우드판, AI 중심 재편 가속...마이크로소프트 공세 관심집중",3
"국내 기업 84% ""향후 1년 안에 인공지능 앱 도입""",3
‘초거대 AI’ 인공지능 시장 흐름 바꾼다,3
"정부, 2030년까지 AI 활용 기업 비중 1%→30%…산업 AI 내재화 전략 추진",3
"모빌리티 산업, IT 기술 강조돼…디지털화 경쟁력 부상",3
11만명 몰려든 CES 2023 폐막…'초연결·친환경·모빌리티' 비전 봤다,3
올해 정부 ICT 핵심 분야는 '인공지능',3
클라우드의 데이터 전쟁은 어떻게 흘러갈까,3
'신성장 4.0 전략' 추진...일상의 디지털·전략산업 집중 육성,3
델이 주목한 2023년 IT 기술 트렌드는? 클라우드·보안·양자·AI·엣지,3
AI·모빌리티·메타버스·자원순환…대기업의 이유 있는 스타트업 '식탐' [긱스],3
탄소배출 SW로 관리한다...ESG 경영에 활용 주목,3
"사업다각화 나선 대형 SI사, MSP 시장 쟁탈전 본격화",3
[스페셜리포트]장기적 관점에서 SaaS로 전환···판매 불확실성 해소는 과제,3
"지리공간 데이터, 클라우드 새 격전지로 부상",3
'비디오로 행동 학습'...또 도약한 AI 기술,3
"AWS ""기업의 데이터 전략 구축을 위한 3요소""",3
"가트너, ‘IT 리더가 클라우드 전략에서 범하기 쉬운 10가지 실수’ 발표",3
"KT, 줌과 통신 플랫폼 협력…B2B 전용 서비스 선보인다",3
"네이버, 스마트시티 핵심 기술 ‘아크아이’ 출시… ‘네옴시티’ 수주 자신감",3
‘AI+α’ 융복합기술 특허 10년 새 22배 증가… 4차 산업 특허 3.7배 늘어,3
[스페셜리포트]데이터 패브릭 시대 온다,3
"""클라우드 비용 확 줄여라""...테크 기업들 절감 역량 경쟁 우위로",3
"국내 IT 의사결정권자 65%, 비즈니스 위협요인으로 ‘IT 인력 부족’ 꼽아",3
"""메타버스는 보안 사각지대, 맞춤형 대응 전략 필요""",3
韓 노코드·로우코드 전문 플랫폼 확산...해외 업체들도 공격 모드,3
“올해 국내 IT서비스 시장 3.3% 성장할 듯”,3
"""디지털 혁신으로 재도약""...2023년 주목할 ICT 10대 이슈",3
워크스테이션 보안 공격 비중 35%···작년 대비 2배↑,3
"한미, 北 IT노동자 파견 차단 등 北 사이버위협 대응 공조 논의",3
'반도체 전설' 짐 켈러 등 IT 전문가 '삼성 AI 포럼' 참석,3
[데일리 IT 단신]LGU+ '너겟 요금제' 고객 전용 멤버십 혜택 눈길 外,3
아이패드로 붙는 삼성·LG…애플發 IT용 OLED 시장 열린다,3
힘 빠진 애플··· 요동치는 IT시장,3
"삼성·LGD, IT용 OLED 실적 견인…애플효과 4Q 시작",3
"삼성·LGD, IT용 OLED 실적 견인…애플효과 4Q 시작",3
"한경협, 세계 최대 IT박람회 'CES' 한국대표단 보낸다",3
'SDV 체제 전환'의 현대차그룹 정의선號…핵심은 IT인재 확보,3
[주간 클라우드 동향/11월①] 국내 공공시장도 IT공룡이 꿀꺽? 다시 피어오르는 우려,3
"한미, 북한 IT 인력 주의보 공동 발표…""기업 고용 가능성 방지""",3
"삼정KPMG, 전자·IT산업 ‘ESG 세미나’ 25일 개최",3
"[IT이슈] 쟁글과 크립토타임즈, 한・일 웹3 대중화 위해 맞손 外",3
"[IT이슈] KDA, 가상자산 운용업의 자본시장법 해당 여부 조만간 결정될 전망 外",3
‘달라진 환경에서 살아남기’… IT 리더를 위한 생존 가이드 8선,3
"[IT이슈] CJ ENM, 사우디아라비아 ‘망가프로덕션’과 MOU 체결 外",3
무협 “수출 12개월 연속 부진…내년 IT 수요가 회복세 좌우”,3
"[주간 클라우드 동향/10월⑤] MS 약진, AWS·구글클라우드 정체? 빅3 균형 무너질까",3
[#IT라운지] U+ '너겟 고객 멤버십'·KT 'ISO/IEC 5230 인증'·스플랩 '우모',3
"'삼성‧LG·SK' IT서비스 빅3, 생성형 AI솔루션 '맞짱'",3
"[IT이슈] 진학사 캐치, 그리팅과 ‘채용 공고 연동’ 서비스 오픈 外",3
"한은 ""IT경기·수출 부진 완화됐으나…중동사태·고금리에 불확실성 커""[일문일답]",3
"액셀라스코리아, 일본 타카마쯔에서 '한일 IT기업 교류회' 개최",3
"[IT이슈] 더존비즈온, 3분기 매출 846억 원, 영업이익 149억 원 外",3
"[데일리 IT 단신] SKT-은행연합회, 전기통신 금융사기 예방·근절 맞손 外",3
"이노시뮬레이션 조준희 대표이사, ‘전자IT의 날’ 산업포장 수상",3
[OT보안⑥] OT 보안 전문성 높이는 IT 기업,3
"하나증권 “미국 증시 훈풍으로 IT업종 투심 개선 기대, 삼성전자 네이버 주목”",3
"'탈통신 선언' 이통3사, 개발자 소통 플랫폼 '전진 배치' [IT돋보기]",3
통신 물가 상승 '착시효과'…통신·단말요금 분리고지 힘 받나 [IT돋보기],3
"IT서비스 3사, 이제는 생성형 AI 시장서 '격돌'",3
[주간 클라우드 동향/10월④] 클라우드는 대세지만… 그러나?,3
내년까지 반도체 회복세 지속…'IT 수요·미중 갈등' 변수,3
전자·IT산업 ESG 이슈·해결책 논의의 장 열린다,3
[IT돋보기] IT서비스 3사 생성형 AI 시장 두고 경쟁 격화,3
루마니아 ICT 산업 동향,3
"[IT이슈] 인크루트, 잘쓸랩 데이터센터 오픈 外",3
[2023 로보월드] 서비스 로봇 시장 동향,3
"[IT이슈] 코웨이, 2023년 3분기 ‘대한민국 100대 브랜드’ 선정 外",3
"IT서비스 3사, 기업용 생성형AI로 격돌",3
"구로구 해외시장개척단, 두바이 IT박람회 참가…약 1500만 달러 상담실적 거둬",3
"[IT이슈] 코인원, 투자 정보・거래 부문 고객 편의성 제고에 박차 外",3
"""생성 AI-1""… 이점을 안전하게 IT 전문가가 사용 가능 방법",3
북한 IT 인력에 대한 한미 정부 주의보 공동 발표,3
"삼성·LGD, 새 먹거리 'IT용 OLED' 시장 선점 나서",3
"SK텔레콤, 특허청과 UAM 기술·특허 동향 교류…KT, AAAA~ABAB 등 '선호 번호' 추첨 이벤트 실시 [IT오늘]",3
"인스웨이브, '웹스퀘어5' 앞세워 '제9회 글로벌 상용SW 명품대전' 참가",3
"""덕산네오룩스, 애플발 OLED 디스플레이 IT향 사용은 내년 현실화 전망""",3
[#IT라운지] SKT '네트워크X 어워드'·KT 'WBA 어워드'·뉴플로이 '간편 채용 서비스',3
"‘낙오에의 두려움, 잠재력에의 기대’··· IT 리더들의 생성형 AI 수용 이야기",3
"[이슈칼럼] AI 보안 표준화 동향, AI 위협 및 취약점 분석 가이드라인 필요성 제기",3
‘델 테크놀로지스 포럼 2023’ 8월 22일 개최… “IT 솔루션과 최신 기술 동향 소개”,3
“챗GPT는 보고 듣고 말할 수 있다” 오픈AI 선언의 의미는?,3
"[주간 클라우드 동향/10월③] 한국 클라우드에 8조원 돈 보따리 푸는 AWS, 왜?",3
"[올댓차이나] 8월 대만 IT매출 47.7조원·11.2%↓...""부진 계속""",3
"[30일 IT소식] 옵스나우, '헬프나우 AI 콜' 공개 外 티맥스소프트·NHN클라우드 등",3
"윤커뮤니케이션즈, '세상을 변화시키는 IT기술 트렌드 2023' 출간",3
‘업계는 격변 중’… 클라우드 시장의 7가지 트렌드와 IT에 미칠 영향,3
"삼성디스플레이, ‘IT 시장 및 기술 동향’",3
"네이버 커넥트재단, 'IT 트렌드 주제' SEF2023 개최",3
[중국 콘텐츠 산업동향] IT 융합으로 비상하는 중국 공연 음악시장,3
"청소년들의 미래를 여는 열쇠, IT",3
"서울경제진흥원, ‘스마트워크 IT 기술 세미나’ 개최",3
"머스크, 도발적인 생성형 AI 유료버전 공개…연말 AI 대전 ‘후끈’",3
"구글, 챗GPT 위협하는 MZ놀이터 ‘캐릭터닷AI’에 투자 검토",3
"""3분기 국내서 팔린 스마트폰 5대 중 4대는 삼성폰""",3
르세라핌·뉴진스가 여기서 왜 나와?…전세계가 열광했다는데 [더 테크웨이브],3
"""애 폰까지 통신비 만만찮네""…40만원대 갤럭시 나왔다",3
"""4세대 아이폰SE, 아이폰14 디자인 채택""",3
[인터뷰] ‘조수미와 듀엣’ AI 보컬 만든 오드아이… 최순범 대표 “멜로디·장르·언어 학습시켜 어떤 목소리도 구현 가능”,3
"'콘솔 이용자만 100만명' 넥슨 퍼스트 어센던트, 앞으로 이렇게 바뀐다",3
"챗GPT 1년… “AI 강사와 회화 공부” 급증, 학원가는 일자리 걱정",3
"""관리실 연락 안해도 되네""… AI로 공기정화·주차안내까지 하는 아파트",3
올 3분기 국내 판매 스마트폰 중 5대 중 4대는 '갤럭시',3
한국은 후발 주자인데 미·EU 따라 규제부터 한다고?...“의료AI 육성에 힘 실어야”,3
"유발 하라리 ""AI, 글로벌 금융위기 초래할 수도""",3
챗GPT 90분간 먹통… “디도스 공격이 원인”,3
"메타, 15년만에 VR시장 재진출?",3
"KT vs LGU+, 이동통신 시장 2위는 누구? [심지혜의 인사이트]",3
"네이버클라우드, ‘지스타 2023’서 초대규모AI가 바꿀 ‘게임 산업의 미래’ 제시",3
차기 갤럭시A 더 똑똑해진다···자체 두뇌칩 달고 출시 채비,3
애플-안드로이드 메시지 장벽 허물까…EU '아이메시지' 규제 검토,3
애플 아이폰16에 AI호출 버튼 달까...삼성 AI 갤럭시와 대결 예고,3
"""퇴근 후 넷플릭스 보는 게 유일한 낙인데…이게 웬 날벼락"" [조아라의 IT's fun]",3
"통신2위 역전에 “LG처럼 안해”…발끈한 KT, 사물인터넷이 왜?",3
삼성 중급형 폴더블폰 가격이 50~60만원대?,3
AI 때문에 기자가 사라진다고?,3
"2세대 비전 프로 헤드셋, 이렇게 나온다",3
영어논문 통째로 올리니 '뚝딱'…번역앱 '딥엘' 써보니[토요리뷰],3
‘빅테크 독점 깨진다’...국내 원스토어 고군분투,3
"인텔 가우디 가속기, FP8 소프트웨어로 GPT-3에서 두 배 높은 성능 제공",3
AI에 올인한다던 손정의 회장은 왜 실패하고 있나[딥다이브],3
'눈 안 감은 얼굴'로 사진 바꿔준다…갤럭시 AI폰에도 이런 기능?,3
옷에 붙이는 ‘AI 비서’ 나왔다… 제스처-음성 명령으로 작동,3
"AI로 되살린 '비틀스' 마지막 신곡, 英 싱글 차트 1위 올랐다",3
"비틀스, AI 활용한 신곡으로 54년 만에  英 싱글 차트 1위",3
